driver,avg_laptime,salary
Alonzo,4.526666666666666,100
Hamilton,4.5633333333333335,200
Verstrappen,4.63,300
